{"cameraMode":{"drawMode":0,"name":"Shaded","section":"Shading Mode"},"sceneLighting":true,"audioPlay":false,"sceneViewState":{"showFog":true,"showMaterialUpdate":false,"showSkybox":true,"showFlares":true,"showImageEffects":true,"showParticleSystems":true},"in2DMode":false,"pivot":{"x":5.235921382904053,"y":106.96004486083985,"z":4.839537143707275},"rotation":{"x":-0.03459232673048973,"y":0.7577444314956665,"z":-0.03201368823647499,"w":-0.6521462798118591},"size":19.3569278717041,"orthographic":false}