{"cameraMode":{"drawMode":0,"name":"Shaded","section":"Shading Mode"},"sceneLighting":false,"audioPlay":false,"sceneViewState":{"showFog":true,"showMaterialUpdate":false,"showSkybox":false,"showFlares":true,"showImageEffects":true,"showParticleSystems":true},"in2DMode":false,"pivot":{"x":2.1552305221557619,"y":0.9397704601287842,"z":-0.0033953115344047548},"rotation":{"x":-0.027545174583792688,"y":-0.9719627499580383,"z":0.1487104296684265,"w":-0.18047377467155457},"size":0.6313753724098206,"orthographic":false}